title,url,thumbnailUrl,channelName,channelUrl,text,keyword,score
"I Gave Away $2,700,000 of Free Clothes",https://www.youtube.com/watch?v=XrWhDx9Zblo&pp=ygUITXIgQmVhc3Q%3D,https://i.ytimg.com/vi/XrWhDx9Zblo/maxresdefault.jpg,Beast Philanthropy,http://www.youtube.com/@BeastPhilanthropy,"https://lectricebikes.com
Gigantic shout out to Lectric eBikes for sponsoring this video and many other Beast Philanthropy projects! We are so grateful for their amazing, ongoing support all around the world. Please go show them lots of love. #sponsored 

We also want to thank our donors for their incredible generosity:
Champion:
https://www.champion.com/ IG: @champion

RidgeWallet:
https://ridge.com/ IG: @ridgewallet 

Shoutout to our additional donors:
DREAM, GeorgeNotFound Merchandise, Paul Cuffaro Brand, Emilstal, IT WAS WALPOLE

How you can help:
Help promote Hopi prosperity: http://www.beastphilanthropy.org/supp...
100% of your donation goes to the Hopi Relief Fund. 
https://hopirelief.org/ IG: @hopirelief

We also want to acknowledge these outstanding organizations that helped us distribute all the the clothing:

Give India:
https://give.do/ IG: @give_india

Share At Door Step:
https://shareatdoorstep.com/ IG: @sadsindia

Clothes Box Foundation:
https://clothesboxfoundation.org/ IG: @clothesboxfoundation 

Boys and Girls Club of the Coastal Plain
https://www.bgccp.com/ IG: @bgc_coastalplain

Detroit Youth Association
https://www.miclubs.org/ FB: https://www.facebook.com/metrodetroit...

Beast Philanthropy Video Disclaimer: This video was produced by Beast Philanthropy Productions, LLC, a North Carolina limited liability company. Any revenue generated for Beast Philanthropy Productions, LLC from this video will be donated to MrCharity, Inc. dba Beast Philanthropy, a North Carolina 501(c)(3) nonprofit corporation.

Filmed and Edited by: Dan Mace ( Â Â Â /Â @danmaceÂ Â )",mrBeast,0.7154032208107526
Funniest Animals On The Internet!,https://www.youtube.com/watch?v=70dS-T5p07U&pp=ygUITXIgQmVhc3Q%3D,https://i.ytimg.com/vi/70dS-T5p07U/maxresdefault.jpg,Beast Reacts,http://www.youtube.com/@BeastReacts,"We react to the funniest animals on the internet, and every time we laugh, we are going to donate $100 to an animal charity!

CHECK OUT THESE CHANNELS OR ELSE

ViralHog
https://viralhog.com/v?t=qo5eprn3zc&&...

travisjames_13
https://www.instagram.com/reel/CkPNzQ...

Unusualfellas
https://www.instagram.com/reel/CnNMPx...

num1memeon
https://www.instagram.com/reel/Cm4VIl...

meckymk
https://www.instagram.com/reel/CnAbui...

terinw
https://www.tiktok.com/@terinw/video/...

royer_5_
https://www.tiktok.com/@royer_5_/vide...

unusualfellas
https://www.instagram.com/p/CjL_VyhpLBM/

bq_animals
https://www.instagram.com/p/Cd0fICpqQnq/

pip.the.menace
https://www.instagram.com/reel/Cnk0UH...

michealoftiktokofficial
https://www.instagram.com/reel/Cmw10N...

killrobbailey
https://www.instagram.com/p/Co40zaCMV36/

scalqer
https://www.tiktok.com/@scalqer/video...

blakewebber
https://www.instagram.com/reel/CnVc1U...

Chimpbrothers 
https://www.instagram.com/reel/ClWncm...

itzjorddd
https://www.tiktok.com/@itzjorddd/vid...

Cute.animals.page 
https://www.instagram.com/reel/CiXwk0...

Adorable.monkey
https://www.instagram.com/reel/Cmgeg5...

wildlifeobservatory
https://www.tiktok.com/@wildlifeobser...

catiescutiee
https://www.instagram.com/reel/Cmhe6w...

butterdog_fanpage
https://www.instagram.com/reel/CnAcWD...

firemuffin23222
https://www.tiktok.com/@firemuffin232...

xingxingmonkey
https://www.instagram.com/p/Cn20Flegp4R/

failarmy
https://www.tiktok.com/@failarmy/vide...

rachelmaine_
https://www.tiktok.com/@rachelmaine_/...

keevinazo
https://www.tiktok.com/@keevinazo/vid...

munk.as
https://bit.ly/3GREk4t

therealtarzann
https://www.tiktok.com/@therealtarzan...

1st_ahhooovav2
https://www.instagram.com/p/CkgJCU-gG7p/

crunchy.liam
https://www.instagram.com/p/CmFLJczpZAu/

madara_chuha_itachi
https://www.instagram.com/p/Ckk8fn3Drdd/

blackcatloversclub
https://www.instagram.com/reel/Cl4Bd7...

yakubdascientist
https://www.instagram.com/p/CnfGVLsoile/

nicoj7hsu
https://www.instagram.com/reel/CnxuOI...

Hedgehoglover.ig
https://www.instagram.com/reel/Cl6Jus...

RM Videos
Â Â Â â€¢Â CatÂ JumpsÂ inÂ Bear...Â Â 

the.jumpinghamster
https://www.tiktok.com/@the.jumpingha...

maxreels87
https://www.instagram.com/p/Ck4hbx9Dov5/

lostxvibez
https://www.instagram.com/reel/CoIzVH...

Meckymk
https://www.instagram.com/p/Cl56tWtgOnj/

tom.bear.tom
https://www.instagram.com/p/Cm1JZJLO5pE/

The.pets.society 
https://www.instagram.com/p/CnolXzio1E5/

justpitbulls.ig4
https://www.instagram.com/reel/CnGqeh...

YumYumTheTiel
Â Â Â â€¢Â ExtendedÂ dibbydoo...Â Â 

Ussashki
https://www.instagram.com/reel/Cmqkov...

saige161iq
https://www.instagram.com/p/CoaIhOVjZGp/

wwhu4
https://www.tiktok.com/@wwhu4/video/7...

blackwellmagicc
https://www.instagram.com/p/Cnr3wSghT3D/

bepiz.man
https://www.instagram.com/p/CpUHus5umGq/


New Merch - https://shopmrbeast.com
----------------------------------------------------------------
follow all of these or i will kick you
â€¢ Facebook - https://www.facebook.com/MrBeast6000/
â€¢ Twitter - https://twitter.com/MrBeast
â€¢  Instagram - https://www.instagram.com/mrbeast
â€¢  Instagram - https://www.instagram.com/beastreacts

--------------------------------------------------------------------",mrBeast,0.7130327863648007
"Last To Leave Roller Coaster Wins $20,000 - Challenge",https://www.youtube.com/watch?v=gL6iSCSHjco&pp=ygUITXIgQmVhc3Q%3D,https://i.ytimg.com/vi/gL6iSCSHjco/maxresdefault.jpg,MrBeast,http://www.youtube.com/@MrBeast,"THEY TOOK OVER 100 LAPS LOL

New Merch - https://shopmrbeast.com/

SUBSCRIBE OR I TAKE YOUR DOG


----------------------------------------------------------------
follow all of these or i will kick you
â€¢ Facebook - https://www.facebook.com/MrBeast6000/
â€¢ Twitter - https://twitter.com/MrBeast
â€¢  Instagram - https://www.instagram.com/mrbeast
--------------------------------------------------------------------",mrBeast,0.676069154499625
"Last To Take Hand Off Jet, Keeps It!",https://www.youtube.com/watch?v=kX3nB4PpJko&pp=ygUITXIgQmVhc3Q%3D,https://i.ytimg.com/vi/kX3nB4PpJko/maxresdefault.jpg,MrBeast,http://www.youtube.com/@MrBeast,"Close this and watch to the end to see who wins!

New Merch - https://shopmrbeast.com/
At the end I said we would offset all carbon emissions but what we actually did was offset it by 10x!!
SUBSCRIBE OR I TAKE YOUR DOG
â•”â•â•¦â•—â•”â•¦â•—â•”â•â•¦â•â•¦â•¦â•¦â•¦â•—â•”â•â•—
â•‘â•šâ•£â•‘â•‘â•‘â•šâ•£â•šâ•£â•”â•£â•”â•£â•‘â•šâ•£â•â•£ 
â• â•—â•‘â•šâ•â•‘â•‘â• â•—â•‘â•šâ•£â•‘â•‘â•‘â•‘â•‘â•â•£
â•šâ•â•©â•â•â•©â•â•©â•â•©â•â•©â•â•šâ•©â•â•©â•â•
----------------------------------------------------------------
follow all of these or i will kick you
â€¢ Facebook - https://www.facebook.com/MrBeast6000/
â€¢ Twitter - https://twitter.com/MrBeast
â€¢  Instagram - https://www.instagram.com/mrbeast
â€¢  Im Hiring! - https://www.mrbeastjobs.com/
--------------------------------------------------------------------",mrBeast,0.6709554152538914
Funniest Fails On The Internet!,https://www.youtube.com/watch?v=IYjSmlWG-4A&pp=ygUITXIgQmVhc3Q%3D,https://i.ytimg.com/vi/IYjSmlWG-4A/maxresdefault.jpg,Beast Reacts,http://www.youtube.com/@BeastReacts,"subscribe for good luck lol 

CHECK OUT THESE CHANNELS OR ELSE

Fandom
https://www.instagram.com/reel/Ci-H-w...

Nickymca
Â Â Â â€¢Â ""YouÂ haveÂ toÂ beÂ k...Â Â 

Collab
https://vl.collab.inc/videos/205794

RM_Videos
Â Â Â â€¢Â WomanÂ GetsÂ Covere...Â Â 

Storyful Viral
Â Â Â â€¢Â DJÂ SetÂ FallsÂ onÂ F...Â Â 

IamIcubed
Â Â Â â€¢Â JingleÂ BellsÂ Â 

JUKIN
https://www.jukinmedia.com/licensing/...

Kidsgettinghurt
https://www.instagram.com/reel/CiiCeD...

Newsflare
https://www.newsflare.com/video/48066...

Rredite
https://gfycat.com/willingwavygannet

ITN Archive 
Â Â Â â€¢Â 1988:Â TheÂ MostÂ Da...Â Â 

_lodge1
https://www.tiktok.com/t/ZTRt5HgEb/

JUKIN
https://www.jukinmedia.com/licensing/...

StrangestMedia
https://twitter.com/StrangestMedia/st...

RM Videos
Â Â Â â€¢Â TeenÂ BreaksÂ Water...Â Â 

bakerskateboards
https://www.instagram.com/p/BOdegLkgw...

Sky News Australia
Â Â Â â€¢Â Queenâ€™sÂ guardÂ col...Â Â 

roofershelper
https://www.instagram.com/reel/Cj8tE_...

Collab
https://vl.collab.inc/videos/283828

ViralHog
Â Â Â â€¢Â ForgettingÂ toÂ Put...Â Â 

ViralHog
Â Â Â â€¢Â BabyÂ PullsÂ ChairÂ ...Â Â 

tyler.lopez96
https://www.instagram.com/tyler.lopez96/

ViralHog
Â Â Â â€¢Â PlayfulÂ ParakeetÂ ...Â Â 

Giocatori Di Lana Caprina
Â Â Â â€¢Â FootballÂ PlayerÂ C...Â Â 

Kwils87
https://www.reddit.com/r/WatchPeopleD...

yourcrystalshop
https://www.tiktok.com/t/ZTRQUBQ9U/

BTEKScalesLLC
https://www.facebook.com/BTEKScalesLL...

Fail Army
https://www.tiktok.com/t/ZTRt5DxLo/

aryn_thompson
https://www.tiktok.com/t/ZTRt5UCx7/

Newsflare
https://www.newsflare.com/video/44184...

Buzz Videos via Dailymotion
https://www.dailymotion.com/video/x8e...

aaron_vs_the_internet
https://www.instagram.com/reel/Cklj5V...

dockrgolf
https://www.instagram.com/reel/CkdorE...

CrappyDesigned
https://twitter.com/CrappyDesigned/st...

Ed Davidson
https://www.linkedin.com/posts/ed-dav...

AT305DrSimon
https://www.reddit.com/r/failarmy/com...

New Merch - https://shopmrbeast.com
----------------------------------------------------------------
follow all of these or i will kick you
â€¢ Facebook - https://www.facebook.com/MrBeast6000/
â€¢ Twitter - https://twitter.com/MrBeast
â€¢  Instagram - https://www.instagram.com/mrbeast
â€¢  Instagram - https://www.instagram.com/beastreacts

--------------------------------------------------------------------",mrBeast,0.6688850919856565
Rarest Things On Earth!,https://www.youtube.com/watch?v=1atCTSRJHH0&pp=ygUITXIgQmVhc3Q%3D,https://i.ytimg.com/vi/1atCTSRJHH0/maxresdefault.jpg,Beast Reacts,http://www.youtube.com/@BeastReacts,"Create the business of your dreams! https://bit.ly/ShopifyxBeastReacts


CHECK OUT THESE CHANNELS OR ELSE
Rethink with Manny
Â Â Â â€¢Â WritingÂ simultane...Â Â 

BBC
Â Â Â â€¢Â TheÂ familyÂ withÂ s...Â Â 

cutlerylover
Â Â Â â€¢Â HowÂ ToÂ FindÂ OneÂ E...Â Â 

ViralHog
Â Â Â â€¢Â 360Â RainbowÂ ||Â Vi...Â Â 

The Weather Channel
Â Â Â â€¢Â StrangestÂ Weather...Â Â 

CNN
Â Â Â â€¢Â 104-year-oldÂ woma...Â Â 

Kaumudy Global
Â Â Â â€¢Â Video:Â RareÂ Black...Â Â 

Frank Baker
Â Â Â â€¢Â ManÂ BowlsÂ 300Â |Â P...Â Â 

Logan Paul
Â Â Â â€¢Â FoundÂ SuperÂ RareÂ ...Â Â 

bdq4uaf
https://www.tiktok.com/@bdq4uaf/video...

Inside Edition
Â Â Â â€¢Â 13-Year-OldÂ GetsÂ ...Â Â 

Aviationbrk 
https://twitter.com/aviationbrk/statu...

VeniceBeachFreakShow
Â Â Â â€¢Â Two-HeadedÂ Bearde...Â Â 

PGA TOUR
Â Â Â â€¢Â SamÂ Ryderâ€™sÂ incre...Â Â 

maverick_207
https://www.tiktok.com/@maverick_207/...

CBS News
Â Â Â â€¢Â RareÂ syndromeÂ mak...Â Â 

d_a_v_y_
https://twitter.com/d_a_v_y__/status/...

ABC News
Â Â Â â€¢Â MaliÂ motherÂ whoÂ g...Â Â 

CBS Mornings
Â Â Â â€¢Â BuriedÂ treasure:Â ...Â Â 

Inside Edition
Â Â Â â€¢Â ManÂ RandomlyÂ Find...Â Â 

Who Wants To Be A Millionaire
Â Â Â â€¢Â USÂ WinnerÂ CallsÂ D...Â Â 

Mrbungle73
Â Â Â â€¢Â ChrisÂ Langan,Â the...Â Â 

Great Big Story
Â Â Â â€¢Â TheÂ BoyÂ WhoÂ Broke...Â Â 




SUBSCRIBE OR YOU'LL HAVE BAD LUCK
New Merch - https://shopmrbeast.com
----------------------------------------------------------------
follow all of these or i will kick you
â€¢ Facebook - https://www.facebook.com/MrBeast6000/
â€¢ Twitter - https://twitter.com/MrBeast
â€¢  Instagram - https://www.instagram.com/mrbeast
â€¢  Instagram - https://www.instagram.com/beastreacts

--------------------------------------------------------------------",mrBeast,0.6563304242874922
MrBeast Crew Reacts To Chris Coming Out,https://www.youtube.com/watch?v=wrlcaLyNhmA&pp=ygUITXIgQmVhc3Q%3D,https://i.ytimg.com/vi/wrlcaLyNhmA/maxresdefault.jpg,Bolo,http://www.youtube.com/@bolo,"almost noone reads description under the ""shorts"" videos so if you are here - you are truly a legend. and yeah mate i appreciate your likes because these videos take so much time to edit. thank you brotha!

...Guys please note this: On Bolo, you will see only highly edited videos about influencers and celebrities. I spent over 8 hours per video editing daily. I create all my videos from scratch and every single video is unique. my videos are not automated, it is not AI generated, I make them all by myself, from thumbnails, to scripting and editing. Appreciate y'all.",mrBeast,0.6562145696622357
I Built Willy Wonka's Chocolate Factory!,https://www.youtube.com/watch?v=Hwybp38GnZw&pp=ygUITXIgQmVhc3Q%3D,https://i.ytimg.com/vi/Hwybp38GnZw/maxresdefault.jpg,MrBeast,http://www.youtube.com/@MrBeast,"MILK Chocolate ğŸ« Win a Tesla or be in a MrBeast video - Buy now â–¸ https://feastables.com
Get Honey for FREE today â–¸ https://joinhoney.com/mrbeast  
Honey finds coupons with one click. Thanks to Honey for sponsoring!

SUBSCRIBE TO GORDON!! @gordonramsay 

SUBSCRIBE OR I TAKE YOUR DOG
â•”â•â•¦â•—â•”â•¦â•—â•”â•â•¦â•â•¦â•¦â•¦â•¦â•—â•”â•â•—
â•‘â•šâ•£â•‘â•‘â•‘â•šâ•£â•šâ•£â•”â•£â•”â•£â•‘â•šâ•£â•â•£ 
â• â•—â•‘â•šâ•â•‘â•‘â• â•—â•‘â•šâ•£â•‘â•‘â•‘â•‘â•‘â•â•£
â•šâ•â•©â•â•â•©â•â•©â•â•©â•â•©â•â•šâ•©â•â•©â•â•

----------------------------------------------------------------
follow all of these or i will kick you
â€¢ TikTok - https://www.tiktok.com/@mrbeast
â€¢ Twitter - https://twitter.com/MrBeast
â€¢ Instagram - https://www.instagram.com/mrbeast
â€¢ Facebook - https://www.facebook.com/MrBeast6000/
â€¢ Official Merch  - https://www.shopmrbeast.com/
â€¢ Beast Philanthropy - https://www.beastphilanthropy.org/

Text me @ +1 (917) 259-6364
 I'm Hiring! - https://www.mrbeastjobs.com/
--------------------------------------------------------------------
Oh and Honeyâ€™s lawyers said we need this disclaimer: â€œMembers received compensation for their participation. Testimonials reflect the real life experience of individuals who used our products. Individual results may vary.""",mrBeast,0.6519968474958584
"$456,000 Squid Game In Real Life!",https://www.youtube.com/watch?v=0e3GPea1Tyg&pp=ygUITXIgQmVhc3Q%3D,https://i.ytimg.com/vi/0e3GPea1Tyg/maxresdefault.jpg,MrBeast,http://www.youtube.com/@MrBeast,"MAKE SURE YOU WATCH UNTIL GLASS BRIDGE IT'S INSANE!
Download Brawl Stars now and get a free gift from me in the game! http://supr.cl/mrbeast


Thank you GoPro for supplying us with cameras to get some of these shots. You can get them here: https://prf.hn/l/6bNbQB3

Shoutout to SOKRISPYMEDIA for helping with visuals!

----------------------------------------------------------------
follow all of these or i will kick you
â€¢ Facebook - https://www.facebook.com/MrBeast6000/
â€¢ Twitter - https://twitter.com/MrBeast
â€¢  Instagram - https://www.instagram.com/mrbeast
--------------------------------------------------------------------",mrBeast,0.648458791712045
"I Ate A $70,000 Golden Pizza",https://www.youtube.com/watch?v=F4Y3Pkn95GI&pp=ygUITXIgQmVhc3Q%3D,https://i.ytimg.com/vi/F4Y3Pkn95GI/maxresdefault.jpg,MrBeast,http://www.youtube.com/@MrBeast,"I cant believe we actually did this...
Please vote and help me win a Kids Choice Award (I'm on page 20) https://kca.nick.tv/vote/
vote now or ill delete your fortnite account

New Merch - https://shopmrbeast.com/

SUBSCRIBE OR I TAKE YOUR DOG


----------------------------------------------------------------
follow all of these or i will kick you
â€¢ Facebook - https://www.facebook.com/MrBeast6000/
â€¢ Twitter - https://twitter.com/MrBeast
â€¢  Instagram - https://www.instagram.com/mrbeast
--------------------------------------------------------------------",mrBeast,0.6453623360722314
Most Skilled Workers In The World!,https://www.youtube.com/watch?v=TbLm5CCAbIU&pp=ygUITXIgQmVhc3Q%3D,https://i.ytimg.com/vi/TbLm5CCAbIU/maxresdefault.jpg,Beast Reacts,http://www.youtube.com/@BeastReacts,"For 65% off with HelloFresh plus FREE shipping, use code REACTS65 at https://bit.ly/3KShk6e!

CHECK OUT THESE CHANNELS OR ELSE
RM Videos
Â Â Â â€¢Â WaiterÂ Efficientl...Â Â 

BIG Machines
Â Â Â â€¢Â 10Â ExtremeÂ Danger...Â Â 

ma3yo4.m
https://www.instagram.com/p/Cfi4lAgDil5/

Shahid Hossain
Â Â Â â€¢Â FastestÂ whopperÂ (...Â Â 

Quevedo 2.0
https://twitter.com/QuebeboVillegas/s...

evansr40c
https://www.tiktok.com/t/ZTRaDPLG1/

ETTV
Â Â Â â€¢Â world'sÂ longestÂ 5...Â Â 

delacruzlandscape
https://www.tiktok.com/t/ZTRaD6xMb/

æ²ƒæºä¸“ä¸šæŠ¤æ ç”Ÿäº§å‚å®¶
https://v.douyin.com/j5K5BYG/

w2sixpackchef
https://www.tiktok.com/t/ZTRaDLxDh/

johnnytheratface
https://www.tiktok.com/t/ZTRaDaQVX/

Windows101
Â Â Â â€¢Â WindowÂ CleaningÂ S...Â Â 

Zahi Shaked, Israeli tour guide
Â Â Â â€¢Â TheÂ bestÂ waiterÂ i...Â Â 

dyesngoodvibes
https://www.tiktok.com/t/ZTRaD6yvB/

bradley.thor
https://www.tiktok.com/t/ZTRaDASMS/

blacksheepskid
https://www.instagram.com/p/BcWQfPPlx...

woodluxury.p5
https://www.tiktok.com/t/ZTRaDx8uX/

Larenloavesbread
https://www.tiktok.com/t/ZTRaDYpCL/

ViralHog
Â Â Â â€¢Â MindblowingÂ Barte...Â Â 
Â Â Â â€¢Â AÂ LittleÂ Demoliti...Â Â 

thatlawndude
https://www.tiktok.com/t/ZTRaDfvcK/

Matrialarts-ali
https://bit.ly/3BqrR45

kannta88
https://www.tiktok.com/t/ZTRaDFEdX/

Matrix Daily
Â Â Â â€¢Â AlastairÂ MoffattÂ ...Â Â 

imnotagardener
https://www.tiktok.com/t/ZTRaDFEdX/

reelsemperor
https://www.instagram.com/p/CWa378fFY2J/

Seval Kavas
Â Â Â â€¢Â Australia'sÂ faste...Â Â 

smartsetting
https://www.tiktok.com/t/ZTRaD6Q44/

wuziwaiter
https://www.tiktok.com/t/ZTRaD9ML4/

adnan-hasan-6688
https://bit.ly/3Bnyi86

rajacenna
Â Â Â â€¢Â IÂ usedÂ bothÂ FEETÂ ...Â Â 

eminoylan
https://www.tiktok.com/t/ZTRaDmU7P/

SnooCupcakes8607
https://www.reddit.com/r/BeAmazed/com...

SoberClassZorro
https://bit.ly/3xzBa0u

Mark Santa Maria
Â Â Â â€¢Â PittingÂ forÂ anÂ RC...Â Â 

Omar Raja - ESPN
Â Â Â â€¢Â ThisÂ isÂ howÂ hardÂ ...Â Â 

purple-circle
https://bit.ly/3LspP8j

Alex Druckmiller
https://www.facebook.com/alexa.druckm....


New Merch - https://shopmrbeast.com
----------------------------------------------------------------

follow all of these or i will kick you
â€¢ Facebook - https://www.facebook.com/MrBeast6000/
â€¢ Twitter - https://twitter.com/MrBeast
â€¢  Instagram - https://www.instagram.com/mrbeast
â€¢  Instagram - https://www.instagram.com/beastreacts

--------------------------------------------------------------------",mrBeast,0.6437513707978082
"$1 vs $500,000 Plane Ticket!",https://www.youtube.com/watch?v=1WEAJ-DFkHE&pp=ygUITXIgQmVhc3Q%3D,https://i.ytimg.com/vi/1WEAJ-DFkHE/maxresdefault.jpg,MrBeast,http://www.youtube.com/@MrBeast,"Check out ALL of MrBeastâ€™s awesome jobs or discover a new opportunity at https://bit.ly/MrBeast_ZipRecruiter

New Merch - https://shopmrbeast.com/

SUBSCRIBE OR I TAKE YOUR DOG
â•”â•â•¦â•—â•”â•¦â•—â•”â•â•¦â•â•¦â•¦â•¦â•¦â•—â•”â•â•—
â•‘â•šâ•£â•‘â•‘â•‘â•šâ•£â•šâ•£â•”â•£â•”â•£â•‘â•šâ•£â•â•£ 
â• â•—â•‘â•šâ•â•‘â•‘â• â•—â•‘â•šâ•£â•‘â•‘â•‘â•‘â•‘â•â•£
â•šâ•â•©â•â•â•©â•â•©â•â•©â•â•©â•â•šâ•©â•â•©â•â•

----------------------------------------------------------------
follow all of these or i will kick you
â€¢ Facebook - https://www.facebook.com/MrBeast6000/
â€¢ Twitter - https://twitter.com/MrBeast
â€¢  Instagram - https://www.instagram.com/mrbeast
â€¢  Im Hiring! - https://www.mrbeastjobs.com/
--------------------------------------------------------------------",mrBeast,0.6388302137604552
I Got Hunted By The Military,https://www.youtube.com/watch?v=QbJJwaVdgIs&pp=ygUITXIgQmVhc3Q%3D,https://i.ytimg.com/vi/QbJJwaVdgIs/maxresdefault.jpg,MrBeast,http://www.youtube.com/@MrBeast,"I'm not sure how they drove over that... it wasnt supposed to happen
Sign up using code ""BEASTHUNT"" with current! https://current.com/beasthunt


New Merch - https://shopmrbeast.com/

SUBSCRIBE OR I TAKE YOUR DOG
â•”â•â•¦â•—â•”â•¦â•—â•”â•â•¦â•â•¦â•¦â•¦â•¦â•—â•”â•â•—
â•‘â•šâ•£â•‘â•‘â•‘â•šâ•£â•šâ•£â•”â•£â•”â•£â•‘â•šâ•£â•â•£ 
â• â•—â•‘â•šâ•â•‘â•‘â• â•—â•‘â•šâ•£â•‘â•‘â•‘â•‘â•‘â•â•£
â•šâ•â•©â•â•â•©â•â•©â•â•©â•â•©â•â•šâ•©â•â•©â•â•

Congrats to all the winners from the last video!
~babystar22
~KevinAllen30
~MasonCunningham2020
~CheyniaWilson
~Dannyboiiii08
~Andresiux23
~AmandaLawrence6
~DonshaeHannah
~KirstenTeafatiller
~UndeadWiccan
~BenjaminPaz
~TylerSmith98
~JoseRangel11
~StorieDaise
~AlexiaClark1462
~MattyRivers
~onlymarkis
~ThomasWebster00
~NoahTribbleking
~JHix87252
~AntSmith1996
~AnthonyNino3
~JordanMetz
~xonviejade
~CMcCabe23
~Vonnny
~ROITDABBY
~PaulMeehan430
~MaximusButenko
~MaximusButenko
~ZacharyArmstead
~HunterLeitch
~ThornTheriot
~AliMakki
~Quann99
~Trawjr
~JohnNovits
~MCCARVES
~KazzVaz
~JenniJones400
~RaeZapien
~MrJazzy
~SageDelahousie

----------------------------------------------------------------
follow all of these or i will kick you
â€¢ Facebook - https://www.facebook.com/MrBeast6000/
â€¢ Twitter - https://twitter.com/MrBeast
â€¢  Instagram - https://www.instagram.com/mrbeast
--------------------------------------------------------------------",mrBeast,0.6303522320960507
I HATCHED #1 TITANIC CAPYBARA in Pet Simulator X...,https://www.youtube.com/watch?v=T4y9N69Wb6g&pp=ygUITXIgQmVhc3Q%3D,https://i.ytimg.com/vi/T4y9N69Wb6g/maxresdefault.jpg,Numerous,http://www.youtube.com/@Num,"I hatched the FIRST 4 TITANIC CAPYBARAS!
â¤ï¸Check out BLOXTRADE! - https://blox.trade/
ğŸ®Join my DISCORD! - https://discord.gg/v5QKVkR
ğŸ¦Follow my TWITTER - https://twitter.com/YT_Numerous
ğŸŒŸBecome a MEMBER -  https://bit.ly/3sOCMSy

â­ Use StarCode ""NUM"" when buying Robux or Premium! ğŸ’–
If you use this code, I will receive a commission from Roblox which helps produce MORE VIDEOS!

ğŸ‘•Join My ROBLOX GROUP! - https://bit.ly/3pHcIH2 (Make Sure to Buy Some NEW Fire Merch!)
ğŸ§My ROBLOX PROFILE!â¡ï¸http://bit.ly/3IBw1ec
Game linkâ¡ï¸https://www.roblox.com/games/62845830...

Thank you for watching! :)
-----------------------------

#PetSimulatorX
#ROBLOX
#PSX",mrBeast,0.6262740586886599
I Survived A Plane Crash,https://www.youtube.com/watch?v=jdMNoQE3mIQ&pp=ygUITXIgQmVhc3Q%3D,https://i.ytimg.com/vi/jdMNoQE3mIQ/maxresdefault.jpg,MrBeast,http://www.youtube.com/@MrBeast,"Thanks again to the Coast Guard for the lift!
New Merch - https://shopmrbeast.com/

SUBSCRIBE OR I TAKE YOUR DOG
â•”â•â•¦â•—â•”â•¦â•—â•”â•â•¦â•â•¦â•¦â•¦â•¦â•—â•”â•â•—
â•‘â•šâ•£â•‘â•‘â•‘â•šâ•£â•šâ•£â•”â•£â•”â•£â•‘â•šâ•£â•â•£ 
â• â•—â•‘â•šâ•â•‘â•‘â• â•—â•‘â•šâ•£â•‘â•‘â•‘â•‘â•‘â•â•£
â•šâ•â•©â•â•â•©â•â•©â•â•©â•â•©â•â•šâ•©â•â•©â•â•

----------------------------------------------------------------
follow all of these or i will kick you
â€¢ Facebook - https://www.facebook.com/MrBeast6000/
â€¢ Twitter - https://twitter.com/MrBeast
â€¢  Instagram - https://www.instagram.com/mrbeast
â€¢  Im Hiring! - https://www.mrbeastjobs.com/
--------------------------------------------------------------------",mrBeast,0.6261907582940822
"$1 vs $1,000,000 Hotel Room!",https://www.youtube.com/watch?v=iogcY_4xGjo&pp=ygUITXIgQmVhc3Q%3D,https://i.ytimg.com/vi/iogcY_4xGjo/maxresdefault.jpg,MrBeast,http://www.youtube.com/@MrBeast,"The hotel at the end is worth the wait!

Download the Experian App: https://smart.link/n3op1gefxlzjn or Visit Experian.com/Boost.


â€œResults will vary. Not all payments are boost-eligible or considered by lenders. Credit Card offers are not available in all states. See website for details.â€

Check out Conrad Maldives Rangali Island!
Facebook @conradmaldivesrangaliIsland
Youtube Â Â Â /Â conradmaldivesran...Â Â 

New Merch - https://shopmrbeast.com/

SUBSCRIBE OR I TAKE YOUR DOG
â•”â•â•¦â•—â•”â•¦â•—â•”â•â•¦â•â•¦â•¦â•¦â•¦â•—â•”â•â•—
â•‘â•šâ•£â•‘â•‘â•‘â•šâ•£â•šâ•£â•”â•£â•”â•£â•‘â•šâ•£â•â•£ 
â• â•—â•‘â•šâ•â•‘â•‘â• â•—â•‘â•šâ•£â•‘â•‘â•‘â•‘â•‘â•â•£
â•šâ•â•©â•â•â•©â•â•©â•â•©â•â•©â•â•šâ•©â•â•©â•â•

----------------------------------------------------------------
follow all of these or i will kick you
â€¢ Facebook - https://www.facebook.com/MrBeast6000/
â€¢ Twitter - https://twitter.com/MrBeast
â€¢  Instagram - https://www.instagram.com/mrbeast
â€¢  Im Hiring! - https://www.mrbeastjobs.com/
--------------------------------------------------------------------",mrBeast,0.621960568127093
"RICH PARENTS Make KID FEEL DUMB, What Happens Is Shocking | Dhar Mann",https://www.youtube.com/watch?v=PK1Qn-7BpQA&pp=ygUITXIgQmVhc3Q%3D,https://i.ytimg.com/vi/PK1Qn-7BpQA/maxresdefault.jpg,Dhar Mann,http://www.youtube.com/@DharMann,"ğŸ’¥ Don't forget to SUBSCRIBE to my channel by clicking here â â Â Â Â /Â @dharmannÂ Â  
â–¶ï¸ Watch my favorite videos: Â Â Â â€¢Â DharÂ MannÂ TopÂ VideosÂ Â 



REMEMBER - We're not just telling stories, we're changing lives! So please help my videos change more lives by SHARING!




âš‘  SHOP EXCLUSIVE MERCH! âš‘  
Shop Merch âœ https://shop.dharmann.com/




ğŸ“² FREE APP! Get daily inspirational texts and see all your favorite videos on the Dhar Mann App: https://www.dharmann.com/app-update/  




âš‘ CONNECT WITH ME âš‘ 
Instagram âœ https://www.instagram.com/dhar.mann/
Facebook âœ https://www.facebook.com/dharmannoffi...
Snapchat âœ https://www.snapchat.com/add/dhar-mann
Twitter âœ https://twitter.com/dharmann
Pinterest âœ https://pinterest.com/dharmannofficial
TikTok âœ https://bit.ly/34P7DQR
Newsletter Sign-Up âœ http://bit.ly/2uNssig





â˜… OTHER CHANNELS â˜… 
ğŸ”´ Behind-The-Scenes Channel âœ https://bit.ly/3dJRfGb
ğŸŸ  Reactions Channel âœ https://bit.ly/3ftiiYk
ğŸŸ¢ Extended Cuts âœ https://bit.ly/3iBiNBS
Dhar and Laura Vlog âœ http://bit.ly/DharAndLauraYouTube






â–º INTERNATIONAL CHANNELS:
Spanish: Â Â Â /Â @dharmannspanishÂ Â 
Portuguese: Â Â Â /Â @dharmannportugueseÂ Â 
Arabic: Â Â Â /Â @dharmannarabicÂ Â 
Hindi: Â Â Â /Â @dharmannhindiÂ Â 
French: https://www.youtube.com/c/DharMannFra...
German: Â Â Â /Â @dharmanngermanÂ Â 






â˜… RECOMMENDED VIDEO FOR YOU â˜…
- Gamer Gets Cyberbullied At School: Â Â Â â€¢Â GamerÂ GetsÂ Cyberb...Â Â 

â˜… RECOMMENDED PLAYLIST FOR YOU â˜…
- My Best Videos: Â Â Â â€¢Â DharÂ MannÂ TopÂ VideosÂ Â 






âš‘ LEAVE A REVIEW ON IMDB âš‘ 
Share Your Review âœ https://imdb.to/3zDwUgv







ğŸ’¥ NEW VIDEOS MONDAY - THURSDAY at 5pm (PST) ğŸ’¥




ğŸ’¥ Don't forget to SUBSCRIBE to our channel by clicking here â â Â Â Â /Â @dharmannÂ Â  **Make sure you CLICK THE BELL ICON so you can get notifications when my next video goes up so you donâ€™t miss anything!




CHAPTERS:
00:00   RICH PARENTS Make KID FEEL DUMB
14:43   RECOMMENDED VIDEO TO WATCH NEXT






CREDITS:
Idea: Dhar Mann and Kayla Skipper 
Writer: Dhar Mann and Kayla Skipper 
Director / Cinematographer: Mike Koslov
Senior Managers: Ruben Ortiz, Tony Corsini, Christopher M. Brown
Assistant Director: Mitchell Smalenski
Editor: Alejandra Hou 
Assistant Editor: Antonio Cedillo
Composer: Rennato NuÃ±ez
Colorist: Tania Alvarado
Sound Editor: Lucca Mendes
VFX Editor: N/A
Trailer Editor: Brian Burkhardt
Casting and Locations Manager: Alisha Watson
Casting Associate: Kevin Svec
Pre Production Managers: Hope Mueller, Luz Ortiz
Post Production Manager: Brian Nelson, Allan Dave Castro
Bookings Manager: Nix Villarubin
Bookings Associates: Jacq Balmeo, Sherri Salazar, Khai Almendrala
Wardrobe Associate: Miranda Romero
Gaffer: Jacob Geimer, Logan Regnier
Key Production Assistant: Eddy Gonzalez
Sound Mixer / Boom Operator: Guthrie Lowe
Set Decorator: Marco Chiong
Set Dresser: Cory Maracle
Props Associate: Manuel Alcaraz, Armand Bashar

Actors 
Casting Support Services - Breakdown Services

Zayne - Brendan Schroeder
Mr. Clifford - Elester Latham
Amir - Winston Vengapally
Teacher - Rebecca Ritz 
Mom - Avis Wrentmore
Dad - Chris Ready 
Bryant - Ayden Mekus
Student 1 - Ricardo Julian Castro
Student 2 - Venice Wong
Student 3 - Cameron Paul
Student 4 - Alexander Wong 





















  
#DharMannFam #Inspirational #Motivational",mrBeast,0.621642415023716
"Survive 100 Days In Circle, Win $500,000",https://www.youtube.com/watch?v=gHzuabZUd6c&pp=ygUITXIgQmVhc3Q%3D,https://i.ytimg.com/vi/gHzuabZUd6c/maxresdefault.jpg,MrBeast,http://www.youtube.com/@MrBeast,"New Merch - https://shopmrbeast.com/

SUBSCRIBE OR I TAKE YOUR DOG
â•”â•â•¦â•—â•”â•¦â•—â•”â•â•¦â•â•¦â•¦â•¦â•¦â•—â•”â•â•—
â•‘â•šâ•£â•‘â•‘â•‘â•šâ•£â•šâ•£â•”â•£â•”â•£â•‘â•šâ•£â•â•£ 
â• â•—â•‘â•šâ•â•‘â•‘â• â•—â•‘â•šâ•£â•‘â•‘â•‘â•‘â•‘â•â•£
â•šâ•â•©â•â•â•©â•â•©â•â•©â•â•©â•â•šâ•©â•â•©â•â•

----------------------------------------------------------------
follow all of these or i will kick you
â€¢ Facebook - https://www.facebook.com/MrBeast6000/
â€¢ Twitter - https://twitter.com/MrBeast
â€¢  Instagram - https://www.instagram.com/mrbeast
â€¢  Im Hiring! - https://www.mrbeastjobs.com/
--------------------------------------------------------------------

Shipping Container Home Provided by XCaliber Container: https://www.xcalibercontainer.com

Get Cash Machine by Oliver Tree here: https://lickd.lnk.to/niQ4VsID!mrbeast
License ID: r5Rqad9DRze
Get this and other songs for your next YouTube video at https://lickd.co",mrBeast,0.6135351922193387
"@MrBeast opening 1,000 Mystery Art Boxes ğŸ“¦",https://www.youtube.com/watch?v=aZEXofcwNJI&pp=ygUITXIgQmVhc3Q%3D,https://i.ytimg.com/vi/aZEXofcwNJI/maxresdefault.jpg?sqp=-oaymwEmCIAKENAF8quKqQMa8AEB-AH-CYAC0AWKAgwIABABGGUgTShAMA8=&rs=AOn4CLC3wt-_iMdGvfuPBY9wbdTIIQ38yg,Mrmacu,http://www.youtube.com/@alexandremacu19,New video please subscribe and like the video,mrBeast,0.6134965147248373
Chris Tyson Responds To MrBeast Firing Him!,https://www.youtube.com/watch?v=CHsAyq34AR0&pp=ygUITXIgQmVhc3Q%3D,https://i.ytimg.com/vi/CHsAyq34AR0/maxresdefault.jpg,BS Media,http://www.youtube.com/@BSMedia11,"Welcome to BS Media we aim to provide you the fastest News and trending topics but with an entertaining twist all our videos take several hours to edit and edited to a very high standard for view satisfaction!

Copyright Disclaimer Under Section 107 of the Copyright Act 1976, allowance is made for ""fair use"" for purposes such as criticism, commenting, news reporting, teaching, scholarship, and research. Fair use is a use permitted by copyright statute that might otherwise be infringing. Non-profit, educational or personal use tips the balance in favour of fair use

For any copyright issues or business inquiries: BSMYT@outlook.com",mrBeast,0.6100180637797404
100 Assassins vs 10 Real Cops!,https://www.youtube.com/watch?v=ilS38Z0vysA&pp=ygUITXIgQmVhc3Q%3D,https://i.ytimg.com/vi/ilS38Z0vysA/maxresdefault.jpg,MrBeast Gaming,http://www.youtube.com/@MrBeastGaming,"I got 10 real cops to protect me from 100 assassins! 

SUBSCRIBE OR YOU'LL HAVE BAD LUCK

Officers in this video: 

LilMermzz: https://www.twitch.tv/lilmermz
Oakleyz:  https://www.twitch.tv/o_oakleyz_o
The_halfhand: https://www.twitch.tv/the_halfhand
ThatGuyDarien: http://twitch.tv/ThatGuyDarien
2CopsTTV: https://www.twitch.tv/2copsttv
Roxus89: Â Â Â /Â @roxus.89Â Â 
Sheriff Strafe: https://www.twitch.tv/sheriffstrafe
SheepDog59: https://www.twitch.tv/sheepdog59
Deputy Smitty: https://www.twitch.tv/deputysmitty
SharpShot147: https://www.twitch.tv/sharpshot147

New Merch - https://shopmrbeast.com
Join our discord server for your chance to compete in future GTA challenges!
https://discord.gg/mrbeastgaming

Song used: Carpenter Brut - Le Perv = Â Â Â â€¢Â CarpenterÂ BrutÂ -Â ...Â Â 
----------------------------------------------------------------
follow all of these or i will kick you
â€¢ Facebook - https://www.facebook.com/MrBeast6000/
â€¢ Twitter - https://twitter.com/MrBeast
â€¢  Instagram - https://www.instagram.com/mrbeast
--------------------------------------------------------------------",mrBeast,0.6080870239939397
iPhone Vs 8000 Feet Drop!,https://www.youtube.com/watch?v=B5WUhJUog_M&pp=ygUITXIgQmVhc3Q%3D,https://i.ytimg.com/vi/B5WUhJUog_M/maxresdefault.jpg,Beast Reacts,http://www.youtube.com/@BeastReacts,"Get Honey for FREE today on your computer and iPhone â–¸ https://joinhoney.com/beastreacts 
Honey finds coupons with one click. Thanks to Honey for sponsoring!

go subscribe lol Â Â Â /Â packerandersonÂ Â 

CHECK OUT THESE CHANNELS OR ELSE
Gizmoslip
Â Â Â â€¢Â CanÂ ConcreteÂ Prot...Â Â 

WIRED
Â Â Â â€¢Â MacÂ vsÂ PCÂ DropÂ Te...Â Â 

Carter Sharer
Â Â Â â€¢Â DROPPINGÂ WATERMEL...Â Â 

Autoblog
Â Â Â â€¢Â CarBoom!Â S1:Â E5Â |...Â Â 

How Ridiculous
Â Â Â â€¢Â INSANELYÂ HIGHÂ BLO...Â Â 
Â Â Â â€¢Â WeÂ DroppedÂ 100,00...Â Â 
Â Â Â â€¢Â MASSIVEÂ SWORDÂ Vs....Â Â 
Â Â Â â€¢Â WeÂ DroppedÂ AÂ CarÂ ...Â Â 
Â Â Â â€¢Â AirplaneÂ Vs.Â Worl...Â Â 
Â Â Â â€¢Â ZORBÂ BALLÂ MAGNUSÂ ...Â Â 

George Chen
Â Â Â â€¢Â MITÂ BakerÂ HouseÂ P...Â Â 

Techrax
Â Â Â â€¢Â DroppingÂ aÂ Playst...Â Â 

How to Alaska
Â Â Â â€¢Â MidÂ AirÂ Collision...Â Â 

Braincell Graveyard
Â Â Â â€¢Â WaterÂ balloonÂ thr...Â Â 

Justin
Â Â Â â€¢Â DroppingÂ aÂ Â Giant...Â Â 

Tanner Fox
Â Â Â â€¢Â ThrowingÂ $10,000Â ...Â Â 

LEGO
Â Â Â â€¢Â EpicÂ LEGOÂ Helicop...Â Â 

The Grand Tour
Â Â Â â€¢Â ClarksonÂ DropsÂ aÂ ...Â Â 

Discovery
Â Â Â â€¢Â Buster'sÂ 1000Â Foo...Â Â 
Khristian Flohr
Â Â Â â€¢Â CanÂ NokiaÂ 3310Â Su...Â Â 

WhistlinDiesel
Â Â Â â€¢Â ToyotaÂ HiluxÂ Gets...Â Â 

G-Form
Â Â Â â€¢Â iPadÂ SurvivesÂ 100...Â Â 



New Merch - https://shopmrbeast.com
----------------------------------------------------------------

follow all of these or i will kick you
â€¢ Facebook - https://www.facebook.com/MrBeast6000/
â€¢ Twitter - https://twitter.com/MrBeast
â€¢  Instagram - https://www.instagram.com/mrbeast
â€¢  Instagram - https://www.instagram.com/beastreacts

--------------------------------------------------------------------",mrBeast,0.6009236933923107
I Put Millions Of Pennies In My Friends Backyard,https://www.youtube.com/watch?v=Su34c5Z8DW4&pp=ygUITXIgQmVhc3Q%3D,https://i.ytimg.com/vi/Su34c5Z8DW4/maxresdefault.jpg,MrBeast,http://www.youtube.com/@MrBeast,"YOU WON'T BELIEVE HOW HE REACTED TO THIS

New Merch - https://shopmrbeast.com/

SUBSCRIBE OR I TAKE YOUR DOG


----------------------------------------------------------------
â–º FOLLOW BOTH THESE AND I WILL HAVE YOUR KIDS!
â€¢ Twitter - https://twitter.com/MrBeastYT
â€¢  Instagram - https://www.instagram.com/mrbeast
--------------------------------------------------------------------",mrBeast,0.6004723683471619
ROBLOX JUST BANNED HACKERS,https://www.youtube.com/watch?v=N6dkrn-GxzA&pp=ygUITXIgQmVhc3Q%3D,https://i.ytimg.com/vi/N6dkrn-GxzA/maxresdefault.jpg,Flamingo,http://www.youtube.com/@flamingo,"They actually fully released the anti cheat like an hour or two after this video came out woaah
Today I talk about Roblox beginning to roll out their anti-cheat and I had a moment of peace finally enjoying my favorite Roblox game. Only for a moment though cuz they haven't fully rolled it out yet XD

Play: https://www.roblox.com/games/1600503/...",mrBeast,0.5999781856878331
MrBeast Forgot To Stop Recording.. (SHOCKING),https://www.youtube.com/watch?v=6TEccm9Udkk&pp=ygUITXIgQmVhc3Q%3D,https://i.ytimg.com/vi/6TEccm9Udkk/maxresdefault.jpg,Chamello,http://www.youtube.com/@ChamelloOfficial,"MrBeast Forgot To Stop Recording.. (SHOCKING)

In this video we will be looking at times when MrBeast forgot to stop recording, this is shocking. 
-
Other Awesome Videos ;)
6 YouTubers Who RAN AWAY From SCARY PEOPLE! (MrBeast, SSSniperwolf & FGTeeV)
Â Â Â â€¢Â VideoÂ Â 
5 People Who QUIT Working For MrBeast! (Marcus, Jake The Viking, Sneako)
Â Â Â â€¢Â VideoÂ Â 
Famous Movies Without Special Effectsâ€¦ (MrBeast Squid Game In Real Life)
Â Â Â â€¢Â VideoÂ Â 
5 Times People CHEATED In MrBeast Videos...
Â Â Â â€¢Â 5Â TimesÂ PeopleÂ CH...Â Â 
-
Music Credits:
- LAKEY INSPIRED: https://soundcloud.com/lakeyinspired Attribution-ShareAlike 3.0 Unported (CC BY-SA 3.0)- Kevin Macleod: https://incompetech.com/
-
The commentary/editing style is unique and adds value by putting it into my own list and stating my opinions/making it funnier which transforms the work making it different and unique in each video. Chamello created and edited this video to fit with fair use and has full rights to content and copyright.

Any copyright issues Contact: Chamello@representative.com
VO by https://DavidKingMedia.com/",mrBeast,0.5994687272167076
I Built The World's Largest Lego Tower,https://www.youtube.com/watch?v=59AYXzCa-Cs&pp=ygUITXIgQmVhc3Q%3D,https://i.ytimg.com/vi/59AYXzCa-Cs/maxresdefault.jpg,MrBeast,http://www.youtube.com/@MrBeast,"I didnt think they would actually build that high lol
New Merch - https://shopmrbeast.com/

SUBSCRIBE OR I TAKE YOUR DOG


----------------------------------------------------------------
follow all of these or i will kick you
â€¢ Facebook - https://www.facebook.com/MrBeast6000/
â€¢ Twitter - https://twitter.com/MrBeast
â€¢  Instagram - https://www.instagram.com/mrbeast
--------------------------------------------------------------------",mrBeast,0.5938723348138889
MrBeast OFFICIALLY CONFIRMED He Fired Chris Tyson,https://www.youtube.com/watch?v=Iu6jPp12i4c&pp=ygUITXIgQmVhc3Q%3D,https://i.ytimg.com/vi/Iu6jPp12i4c/maxresdefault.jpg,BS Media,http://www.youtube.com/@BSMedia11,"MrBeast OFFICIALLY CONFIRMED He Fired Chris Tyson 

Welcome to BS Media we aim to provide you the fastest News and trending topics but with an entertaining twist all our videos take several hours to edit and edited to a very high standard for view satisfaction!

Copyright Disclaimer Under Section 107 of the Copyright Act 1976, allowance is made for ""fair use"" for purposes such as criticism, commenting, news reporting, teaching, scholarship, and research. Fair use is a use permitted by copyright statute that might otherwise be infringing. Non-profit, educational or personal use tips the balance in favour of fair use

For any copyright issues or business inquiries: BSMYT@outlook.com",mrBeast,0.5900417928034943
"I Searched 100 Dumpsters, Here's What I Found",https://www.youtube.com/watch?v=anFxsa5jXrE&pp=ygUITXIgQmVhc3Q%3D,https://i.ytimg.com/vi/anFxsa5jXrE/maxresdefault.jpg,MrBeast,http://www.youtube.com/@MrBeast,"YOU WON'T BELIEVE WHAT WE FOUND! LOL

New Merch - http://www.shopmrbeast.com/MBYTV1

SUBSCRIBE OR I TAKE YOUR DOG


----------------------------------------------------------------
follow all of these or i will kick you
â€¢ Facebook - https://www.facebook.com/MrBeast6000/
â€¢ Twitter - https://twitter.com/MrBeast
â€¢  Instagram - https://www.instagram.com/mrbeast
--------------------------------------------------------------------",mrBeast,0.5838828901986584
Worldâ€™s Most Dangerous Escape Room!,https://www.youtube.com/watch?v=3jS_yEK8qVI&pp=ygUITXIgQmVhc3Q%3D,https://i.ytimg.com/vi/3jS_yEK8qVI/maxresdefault.jpg,MrBeast,http://www.youtube.com/@MrBeast,"Buy my new chocolate bar: https://www.Feastables.com for a chance to win my chocolate factory in an upcoming video

SUBSCRIBE OR I TAKE YOUR DOG
â•”â•â•¦â•—â•”â•¦â•—â•”â•â•¦â•â•¦â•¦â•¦â•¦â•—â•”â•â•—
â•‘â•šâ•£â•‘â•‘â•‘â•šâ•£â•šâ•£â•”â•£â•”â•£â•‘â•šâ•£â•â•£ 
â• â•—â•‘â•šâ•â•‘â•‘â• â•—â•‘â•šâ•£â•‘â•‘â•‘â•‘â•‘â•â•£
â•šâ•â•©â•â•â•©â•â•©â•â•©â•â•©â•â•šâ•©â•â•©â•â•

----------------------------------------------------------------
follow all of these or i will kick you
â€¢ Facebook - https://www.facebook.com/MrBeast6000/
â€¢ Twitter - https://twitter.com/MrBeast
â€¢  Instagram - https://www.instagram.com/mrbeast
â€¢  Im Hiring! - https://www.mrbeastjobs.com/
--------------------------------------------------------------------",mrBeast,0.5819532416295286
"1,000 Blind People See For The First Time",https://www.youtube.com/watch?v=TJ2ifmkGGus&pp=ygUITXIgQmVhc3Q%3D,https://i.ytimg.com/vi/TJ2ifmkGGus/maxresdefault.jpg,MrBeast,http://www.youtube.com/@MrBeast,"If you would like to support more of this sight-restoring work, visit https://seeintl.org/join 
Try My MrBeast Snacks! - https://feastables.com/

SUBSCRIBE OR I TAKE YOUR DOG
â•”â•â•¦â•—â•”â•¦â•—â•”â•â•¦â•â•¦â•¦â•¦â•¦â•—â•”â•â•—
â•‘â•šâ•£â•‘â•‘â•‘â•šâ•£â•šâ•£â•”â•£â•”â•£â•‘â•šâ•£â•â•£ 
â• â•—â•‘â•šâ•â•‘â•‘â• â•—â•‘â•šâ•£â•‘â•‘â•‘â•‘â•‘â•â•£
â•šâ•â•©â•â•â•©â•â•©â•â•©â•â•©â•â•šâ•©â•â•©â•â•

----------------------------------------------------------------
follow all of these or i will kick you
â€¢ Facebook - https://www.facebook.com/MrBeast6000/
â€¢ Twitter - https://twitter.com/MrBeast
â€¢  Instagram - https://www.instagram.com/mrbeast
â€¢  Im Hiring! - https://www.mrbeastjobs.com/
--------------------------------------------------------------------",mrBeast,0.5789791752686643
"Last To Leave Circle Wins $500,000",https://www.youtube.com/watch?v=zxYjTTXc-J8&pp=ygUITXIgQmVhc3Q%3D,https://i.ytimg.com/vi/zxYjTTXc-J8/maxresdefault.jpg,MrBeast,http://www.youtube.com/@MrBeast,"THIS WAS THE CRAZIEST THING IVE EVER DONE!

New Merch - https://shopmrbeast.com/

SUBSCRIBE OR I TAKE YOUR DOG
â•”â•â•¦â•—â•”â•¦â•—â•”â•â•¦â•â•¦â•¦â•¦â•¦â•—â•”â•â•—
â•‘â•šâ•£â•‘â•‘â•‘â•šâ•£â•šâ•£â•”â•£â•”â•£â•‘â•šâ•£â•â•£ 
â• â•—â•‘â•šâ•â•‘â•‘â• â•—â•‘â•šâ•£â•‘â•‘â•‘â•‘â•‘â•â•£
â•šâ•â•©â•â•â•©â•â•©â•â•©â•â•©â•â•šâ•©â•â•©â•â•

----------------------------------------------------------------
follow all of these or i will kick you
â€¢ Facebook - https://www.facebook.com/MrBeast6000/
â€¢ Twitter - https://twitter.com/MrBeast
â€¢  Instagram - https://www.instagram.com/mrbeast
--------------------------------------------------------------------",mrBeast,0.5718774704112877
Surviving 24 Hours Straight In The Bermuda Triangle,https://www.youtube.com/watch?v=D9lVNzyhYnc&pp=ygUITXIgQmVhc3Q%3D,https://i.ytimg.com/vi/D9lVNzyhYnc/maxresdefault.jpg,MrBeast,http://www.youtube.com/@MrBeast,"THIS IS ONE OF THE CRAZIEST THINGS I'VE EVER DONE!
DONATE TO TEAM TREES: https://teamtrees.org/


New Merch - https://shopmrbeast.com/

SUBSCRIBE OR I TAKE YOUR DOG


----------------------------------------------------------------
follow all of these or i will kick you
â€¢ Facebook - https://www.facebook.com/MrBeast6000/
â€¢ Twitter - https://twitter.com/MrBeast
â€¢  Instagram - https://www.instagram.com/mrbeast
--------------------------------------------------------------------",mrBeast,0.5638286732690792
"Mr Beast Blinds 1,000 People",https://www.youtube.com/watch?v=HV7ef2Y0bcE&pp=ygUITXIgQmVhc3Q%3D,https://i.ytimg.com/vi/HV7ef2Y0bcE/maxresdefault.jpg,Avocado Animations,http://www.youtube.com/@AvocadoAnimations,"Mr Beast Blinds 1,000 People, unlike 1,000 Blind People See For The First Time, where Mr Beast cures blind people. He then proceeds to Hunt 100 people and celebrate having over 100 million subscribers. If you didn't know, this is actually a sequel to my last Mr Beast Saves the Ocean and If Mr Beast Made Squid game.

Music By Diego Leal E
Â Â Â /Â @diegolealcomposerÂ Â 

Sound Design by Artem Semenov
https://www.instagram.com/echosoundpost/

Background Art by Via Vinki
https://www.instagram.com/via.vinki/

Hang out with me here
Youtube- Â Â Â /Â @avocadoanimationsÂ Â 
Instagram- https://www.instagram.com/avoanimations/
Twitter- https://twitter.com/AvoAnimations
TikTok- https://www.tiktok.com/@someavocadoan...
for business inquires (brand deals/sponsorships) please contact me at
someavocadoanimations@gmail.com
or you can just dm me at Instagram or Twitter",mrBeast,0.5612017048983087
100 Kids vs 1 Pro,https://www.youtube.com/watch?v=fqq9TSkSe2U&pp=ygUITXIgQmVhc3Q%3D,https://i.ytimg.com/vi/fqq9TSkSe2U/maxresdefault.jpg,Beast Reacts,http://www.youtube.com/@BeastReacts,"SUBSCRIBE OR YOU'LL HAVE BAD LUCK

CHECK OUT THESE CHANNELS OR ELSE

ABC
Â Â Â â€¢Â BlacksmithÂ vs.Â Mi...Â Â 

WhistlinDiesel
Â Â Â â€¢Â MONSTERMAXÂ VSÂ TAN...Â Â 

Fire Dept. Coffee
Â Â Â â€¢Â FirefighterÂ Vs.Â F...Â Â 

Discovery Canada
Â Â Â â€¢Â TheÂ Race:Â Michael...Â Â 

Discovery Channel Southeast Asia
Â Â Â â€¢Â KannonÂ VersusÂ Bar...Â Â 

TableTennisDaily
Â Â Â â€¢Â World'sÂ BestÂ Tabl...Â Â 

Nibiru
Â Â Â â€¢Â StarÂ WarsÂ ChildÂ g...Â Â 

Junkyard Dave
Â Â Â â€¢Â BoostedboizÂ -Â $20...Â Â 

Leah Shutkever
Â Â Â â€¢Â FoodÂ ChallengeÂ Vs...Â Â 

Magnus Carlsen
Â Â Â â€¢Â MagnusÂ CarlsenÂ wi...Â Â 

Zrik Production
Â Â Â â€¢Â VideoÂ Â 

Top Gear
Â Â Â â€¢Â FULLÂ FILM:Â McLare...Â Â 

Micha333
Â Â Â â€¢Â StrongestÂ OldÂ Man...Â Â 

BBC Earth
Â Â Â â€¢Â IguanaÂ vsÂ SnakesÂ ...Â Â 

How Ridiculous
Â Â Â â€¢Â ANVILÂ Vs.Â BULLETP...Â Â 

Michigan Wolverines on MLive
Â Â Â â€¢Â MichiganÂ Wrestler...Â Â 

X.F. Pine
Â Â Â â€¢Â KobayashiÂ vsÂ Gian...Â Â 

New Merch - https://shopmrbeast.com
----------------------------------------------------------------

follow all of these or i will kick you
â€¢ Facebook - https://www.facebook.com/MrBeast6000/
â€¢ Twitter - https://twitter.com/MrBeast
â€¢  Instagram - https://www.instagram.com/mrbeast
â€¢  Instagram - https://www.instagram.com/beastreacts

--------------------------------------------------------------------",mrBeast,0.5485875197673066
MrBeast à¹„à¸¥à¹ˆà¹€à¸à¸·à¹ˆà¸­à¸™à¸­à¸­à¸à¸ˆà¸²à¸à¸—à¸µà¸¡ !! à¸ˆà¸£à¸´à¸‡à¸«à¸£à¸·à¸­ !?,https://www.youtube.com/watch?v=11mO9aCqhuM&pp=ygUITXIgQmVhc3Q%3D,https://i.ytimg.com/vi/11mO9aCqhuM/maxresdefault.jpg,ToMeng,http://www.youtube.com/@ToMeng_official,"à¸£à¹ˆà¸§à¸¡à¸ªà¸™à¸±à¸šà¸ªà¸™à¸¸à¸™à¸‡à¹ˆà¸²à¸¢ à¹† à¸”à¹‰à¸§à¸¢à¸à¸²à¸£à¸à¸”à¸•à¸´à¸¡à¸•à¸²à¸¡Youtube : ToMeng 
à¸­à¸¢à¹ˆà¸²à¸¥à¸·à¸¡à¸à¸”à¹„à¸¥à¸„à¹Œ à¸à¸”à¹à¸Šà¸£à¹Œ à¹à¸¥à¸° à¸à¸” subscribe à¸™à¸°à¸ˆà¹ˆà¸° à¸ˆà¸¸à¹Šà¸šà¹†à¹†à¹†à¹†à¹†

à¸ªà¸³à¸«à¸£à¸±à¸šà¸•à¸´à¸”à¸•à¹ˆà¸­à¸‡à¸²à¸™ à¹„à¸”à¹‰à¸—à¸²à¸‡ Inbox à¹à¸Ÿà¸™à¹€à¸à¸ˆ à¸«à¸£à¸·à¸­ Email à¸”à¹‰à¸²à¸™à¸¥à¹ˆà¸²à¸‡à¹€à¸¥à¸¢à¸ˆà¸£à¹‰à¸²
***************************************************
â¤ Youtube : ToMeng
https://www.youtube.com/channel/UCfGi...
â¤ Facebook : ToMeng
https://www.facebook.com/ToMengRider/
â¤ Instagram : tolap_meng
â¤TikTok : tolap_meng
â¤ Email :  tolaplappa@gmail.com
***************************************************",mrBeast,0.5423516720760794
"I Gave People $1,000,000 But ONLY 1 Minute To Spend It!",https://www.youtube.com/watch?v=LeYsRMZFUq0&pp=ygUITXIgQmVhc3Q%3D,https://i.ytimg.com/vi/LeYsRMZFUq0/maxresdefault.jpg,MrBeast,http://www.youtube.com/@MrBeast,"Subscribe right now and you might be picked to be in my next video! (its epic)
New Merch - https://shopmrbeast.com/

SUBSCRIBE OR I TAKE YOUR DOG
â•”â•â•¦â•—â•”â•¦â•—â•”â•â•¦â•â•¦â•¦â•¦â•¦â•—â•”â•â•—
â•‘â•šâ•£â•‘â•‘â•‘â•šâ•£â•šâ•£â•”â•£â•”â•£â•‘â•šâ•£â•â•£ 
â• â•—â•‘â•šâ•â•‘â•‘â• â•—â•‘â•šâ•£â•‘â•‘â•‘â•‘â•‘â•â•£
â•šâ•â•©â•â•â•©â•â•©â•â•©â•â•©â•â•šâ•©â•â•©â•â•

----------------------------------------------------------------
follow all of these or i will kick you
â€¢ Facebook - https://www.facebook.com/MrBeast6000/
â€¢ Twitter - https://twitter.com/MrBeast
â€¢  Instagram - https://www.instagram.com/mrbeast
--------------------------------------------------------------------",mrBeast,0.5422714896246601
I Opened A Restaurant That Pays You To Eat At It,https://www.youtube.com/watch?v=dg2Ag3e8W-Q&pp=ygUITXIgQmVhc3Q%3D,https://i.ytimg.com/vi/dg2Ag3e8W-Q/maxresdefault.jpg,MrBeast,http://www.youtube.com/@MrBeast,"Buy Feastables!! https://feastables.com

SUBSCRIBE OR I TAKE YOUR DOG
â•”â•â•¦â•—â•”â•¦â•—â•”â•â•¦â•â•¦â•¦â•¦â•¦â•—â•”â•â•—
â•‘â•šâ•£â•‘â•‘â•‘â•šâ•£â•šâ•£â•”â•£â•”â•£â•‘â•šâ•£â•â•£ 
â• â•—â•‘â•šâ•â•‘â•‘â• â•—â•‘â•šâ•£â•‘â•‘â•‘â•‘â•‘â•â•£
â•šâ•â•©â•â•â•©â•â•©â•â•©â•â•©â•â•šâ•©â•â•©â•â•

----------------------------------------------------------------
follow all of these or i will kick you
â€¢ Facebook - https://www.facebook.com/MrBeast6000/
â€¢ Twitter - https://twitter.com/MrBeast
â€¢  Instagram - https://www.instagram.com/mrbeast
--------------------------------------------------------------------",mrBeast,0.542251356707041
"Offering People $100,000 To Quit Their Job",https://www.youtube.com/watch?v=DuQbOQwVaNE&pp=ygUITXIgQmVhc3Q%3D,https://i.ytimg.com/vi/DuQbOQwVaNE/maxresdefault.jpg,MrBeast,http://www.youtube.com/@MrBeast,"New Merch - https://shopmrbeast.com/

SUBSCRIBE OR I TAKE YOUR DOG
â•”â•â•¦â•—â•”â•¦â•—â•”â•â•¦â•â•¦â•¦â•¦â•¦â•—â•”â•â•—
â•‘â•šâ•£â•‘â•‘â•‘â•šâ•£â•šâ•£â•”â•£â•”â•£â•‘â•šâ•£â•â•£ 
â• â•—â•‘â•šâ•â•‘â•‘â• â•—â•‘â•šâ•£â•‘â•‘â•‘â•‘â•‘â•â•£
â•šâ•â•©â•â•â•©â•â•©â•â•©â•â•©â•â•šâ•©â•â•©â•â•

----------------------------------------------------------------
follow all of these or i will kick you
â€¢ Facebook - https://www.facebook.com/MrBeast6000/
â€¢ Twitter - https://twitter.com/MrBeast
â€¢  Instagram - https://www.instagram.com/mrbeast
--------------------------------------------------------------------",mrBeast,0.54223119070333
24 Hours In The Most Haunted Place On Earth,https://www.youtube.com/watch?v=YyhKdOCwD7s&pp=ygUITXIgQmVhc3Q%3D,https://i.ytimg.com/vi/YyhKdOCwD7s/maxresdefault.jpg,MrBeast,http://www.youtube.com/@MrBeast,"YOU WON'T BELIEVE WHAT WE FOUND! lol

New Merch - https://shopmrbeast.com/

SUBSCRIBE OR I TAKE YOUR DOG


----------------------------------------------------------------
follow all of these or i will kick you
â€¢ Facebook - https://www.facebook.com/MrBeast6000/
â€¢ Twitter - https://twitter.com/MrBeast
â€¢  Instagram - https://www.instagram.com/mrbeast
--------------------------------------------------------------------",mrBeast,0.5359619994159539
"100 Kids Vs 100 Adults For $500,000",https://www.youtube.com/watch?v=0CTp1a-aCUM&pp=ygUITXIgQmVhc3Q%3D,https://i.ytimg.com/vi/0CTp1a-aCUM/maxresdefault.jpg,MrBeast,http://www.youtube.com/@MrBeast,"The new Nerf Pro Gelfire x MrBeast blaster is available for preorder HERE: https://bit.ly/MrBeastxNerf

Burst into battle with the Nerf Pro Gelfire Mythic blaster - Available NOW: https://go.hasb.ro/mrbeastnerf
 
Legal disclaimer:

Ages 14 and up. Use of eyewear is always required for players and people within range. Use only official NERF GelFire Rounds.

New Merch - https://shopmrbeast.com/

SUBSCRIBE OR I TAKE YOUR DOG
â•”â•â•¦â•—â•”â•¦â•—â•”â•â•¦â•â•¦â•¦â•¦â•¦â•—â•”â•â•—
â•‘â•šâ•£â•‘â•‘â•‘â•šâ•£â•šâ•£â•”â•£â•”â•£â•‘â•šâ•£â•â•£ 
â• â•—â•‘â•šâ•â•‘â•‘â• â•—â•‘â•šâ•£â•‘â•‘â•‘â•‘â•‘â•â•£
â•šâ•â•©â•â•â•©â•â•©â•â•©â•â•©â•â•šâ•©â•â•©â•â•

----------------------------------------------------------------
follow all of these or i will kick you
â€¢ Facebook - https://www.facebook.com/MrBeast6000/
â€¢ Twitter - https://twitter.com/MrBeast
â€¢  Instagram - https://www.instagram.com/mrbeast
â€¢  Im Hiring! - https://www.mrbeastjobs.com/
--------------------------------------------------------------------",mrBeast,0.5000367038154929
"Chris Tyson Responds To Being ""KICKED OUT"" Of MrBeast Crew",https://www.youtube.com/watch?v=eif_ZYk64TU&pp=ygUITXIgQmVhc3Q%3D,https://i.ytimg.com/vi/eif_ZYk64TU/maxresdefault.jpg,Kavos,http://www.youtube.com/@Kavosss,"Chris Tyson Responds To Being ""KICKED OUT"" Of MrBeast Crew 

Chris Tyson has responded to being ""Fired"" By Mr Beast. A lot of people online speculated that due to Chris Tysons recent situation Mr Beast had fired Chris. However Chris Tyson came out and clarified why he has not been in recent Mr Beast posts and videos and it was so Chris could spend more time with his son. 

What do you think about Chris Tyson and Mr Beast?

Follow & Contact me here:
â¡ï¸ï¸ Twitter                  https://twitter.com/KavosYT          
â¡ï¸ï¸ Instagram            https://www.instagram.com/kavos.yt/?h...         
â¡ï¸ï¸ Email (Business):  kavos@colossalinfluence.com",mrBeast,0.4665026088529151
I Paid A Real Assassin To Try To Kill Me,https://www.youtube.com/watch?v=YLt73w6criQ&pp=ygUITXIgQmVhc3Q%3D,https://i.ytimg.com/vi/YLt73w6criQ/maxresdefault.jpg,MrBeast,http://www.youtube.com/@MrBeast,"File with TurboTax today to get your biggest refund possible ğŸ¤‘
 http://bit.ly/MrBeastxTurboTax

New Merch - https://shopmrbeast.com/

SUBSCRIBE OR I TAKE YOUR DOG
â•”â•â•¦â•—â•”â•¦â•—â•”â•â•¦â•â•¦â•¦â•¦â•¦â•—â•”â•â•—
â•‘â•šâ•£â•‘â•‘â•‘â•šâ•£â•šâ•£â•”â•£â•”â•£â•‘â•šâ•£â•â•£ 
â• â•—â•‘â•šâ•â•‘â•‘â• â•—â•‘â•šâ•£â•‘â•‘â•‘â•‘â•‘â•â•£
â•šâ•â•©â•â•â•©â•â•©â•â•©â•â•©â•â•šâ•©â•â•©â•â•

----------------------------------------------------------------
follow all of these or i will kick you
â€¢ Facebook - https://www.facebook.com/MrBeast6000/
â€¢ Twitter - https://twitter.com/MrBeast
â€¢  Instagram - https://www.instagram.com/mrbeast
â€¢  Im Hiring! - https://www.mrbeastjobs.com/
--------------------------------------------------------------------",mrBeast,0.45613568943015426
I Spent 24 Hours In A Doomsday Bunker,https://www.youtube.com/watch?v=HBMmK1c44sE&pp=ygUITXIgQmVhc3Q%3D,https://i.ytimg.com/vi/HBMmK1c44sE/maxresdefault.jpg,MrBeast,http://www.youtube.com/@MrBeast,"The bunker gets crazier as the video goes on!
SUBSCRIBE OR YOU'LL HAVE BAD LUCK
For more info on this bunker check out their site here: http://www.survivalcondo.com

New Merch - https://shopmrbeast.com/

----------------------------------------------------------------
follow all of these or i will kick you
â€¢ Facebook - https://www.facebook.com/MrBeast6000/
â€¢ Twitter - https://twitter.com/MrBeast
â€¢  Instagram - https://www.instagram.com/mrbeast
--------------------------------------------------------------------",mrBeast,0.44125597519091675
Mr Beast phonk - SXCREDMANE (Phonk Remix) (TIKTOK SONG),https://www.youtube.com/watch?v=uGGQGoht6ic&pp=ygUITXIgQmVhc3Q%3D,https://i.ytimg.com/vi/uGGQGoht6ic/hqdefault.jpg,Phonk wraith,http://www.youtube.com/@Phonkwraith,"Mr Beast phonk - SXCREDMANE (Phonk Remix) (TIKTOK SONG)

Attack of the Killer Beast (Phonk Remix) (TIKTOK SONG)

Mr.Beast Rap - SXCREDMANE Phonk Remix 

Mr Beast phonk

mr beast rap x phonk

#phonk  #tiktok #tiktokphonk  #slowed   #slowedphonk  #housephonk   #phonkhouse   #aggressivephonk 
#slowedreverb #slowedmix #slowedtiktoksongs #phonkplaylist #phonkmix 
#phonktiktok #phonknation #chillphonk #tiktokedit #tiktokphonk #tiktokviral 

Tags:
phonk,phonk remix,tiktok,phonk tiktok,aggressive phonk,phonk mix,phonk music,best phonk,mrbeast,mr beast meme,mr beast song,mr beast phonk,mr beast rap battle,mrbeast meme song,mr beast from ohio,mr beast phonk remix,mrbeast meme,mr beast,mr beast meme song,meme,mr beast phonk song,mr beast phonk tiktok,mr beast tiktok remix,mrbeast song,mrbeast meme rap,fake mrbeast,drift phonk",mrBeast,0.44099258345884645
Extreme Moments Before Disaster!,https://www.youtube.com/watch?v=5orcB4yyjoU&pp=ygUITXIgQmVhc3Q%3D,https://i.ytimg.com/vi/5orcB4yyjoU/maxresdefault.jpg,Beast Reacts,http://www.youtube.com/@BeastReacts,"99.9% of people wonâ€™t guess them all correctly 

CHECK OUT THESE CHANNELS OR ELSE

ViralHog
Â Â Â â€¢Â SnowmobilersÂ Enco...Â Â 

Teressa Cee
https://www.facebook.com/teressaceee/...

Atomic Tests Channel
Â Â Â â€¢Â -150Â METERÂ UNCUTÂ ...Â Â 

AutoMotoSportVK
Â Â Â â€¢Â CrashÂ GounonÂ andÂ ...Â Â 

Viral Video
Â Â Â â€¢Â FallenÂ TreesÂ Trap...Â Â 

Guardian Sport
Â Â Â â€¢Â PondÂ toÂ pin:Â JonÂ ...Â Â 

Betch Video
Â Â Â â€¢Â PenguinÂ MakesÂ ItÂ ...Â Â 

9News
https://www.9news.com/video/sports/hi...

Skrattch
https://www.tiktok.com/t/ZTdwe7T5D/?k=1

Migeul.Cuevas19
https://www.instagram.com/tv/CO80C_0A... 

American Ninja Warrior
Â Â Â â€¢Â OlympicÂ GymnastÂ M...Â Â 

Terry Tufferson
Â Â Â â€¢Â GoPro:Â ManÂ Fights...Â Â 

GoPro
Â Â Â â€¢Â GoPro:Â SeagullÂ St...Â Â 

Agoston Torok
Â Â Â â€¢Â TwinsÂ solveÂ Rubik...Â Â 

New Merch - https://shopmrbeast.com
----------------------------------------------------------------

follow all of these or i will kick you
â€¢ Facebook - https://www.facebook.com/MrBeast6000/
â€¢ Twitter - https://twitter.com/MrBeast
â€¢  Instagram - https://www.instagram.com/mrbeast
â€¢  Instagram - https://www.instagram.com/beastreacts

--------------------------------------------------------------------",mrBeast,0.39563976989309696
